ID,Дата_Время,Автор,Должность,Источник,Код,Процесс,Описание_OPS,Описание_QA,Кол_во,Категория,Статус,Correction,Corr_Owner,Corr_Deadline,Corr_Done,CAPA_Plan,CAPA_Owner,CAPA_Deadline,CAPA_Done,CAPA_Effect,NewNC_Stage
162,02.04.2025 00:00,Иванов И.И.,Оператор,OPS,УДЗ,Управление документами и записями,Плановая запись,Подтверждено QA,1,IntMinor,Подтверждено,Да,QA,02.04.2025 00:00,Да,,,,Нет,,
37,03.04.2025 00:00,Иванов И.И.,Оператор,OPS,УДЗ,Управление документами и записями,Плановая запись,Подтверждено QA,1,IntMinor,Подтверждено,Да,QA,03.04.2025 00:00,Да,,,,Нет,,
156,03.04.2025 00:00,Иванов И.И.,Оператор,OPS,УП,Управление помещениями,Плановая запись,Подтверждено QA,1,IntMinor,Подтверждено,Да,QA,03.04.2025 00:00,Да,,,,Нет,,
64,04.04.2025 00:00,Иванов И.И.,Оператор,OPS,ПР,Проектная деятельность,Плановая запись,Подтверждено QA,1,IntMinor,Подтверждено,Да,QA,04.04.2025 00:00,Да,,,,Нет,,
111,06.04.2025 00:00,Иванов И.И.,Оператор,OPS,УРМ,"Управление реактивами, стандартами и т.п.",Плановая запись,Подтверждено QA,1,IntMinor,Подтверждено,Да,QA,06.04.2025 00:00,Да,,,,Нет,,
67,06.04.2025 00:00,Иванов И.И.,Оператор,OPS,УДЗ,Управление документами и записями,Плановая запись,Подтверждено QA,1,IntMinor,Подтверждено,Да,QA,06.04.2025 00:00,Да,,,,Нет,,
119,06.04.2025 00:00,Иванов И.И.,Оператор,OPS,УРМ,"Управление реактивами, стандартами и т.п.",Плановая запись,Подтверждено QA,1,IntMinor,Подтверждено,Да,QA,06.04.2025 00:00,Да,,,,Нет,,
134,10.04.2025 00:00,Иванов И.И.,Оператор,OPS,УПс,Управление персоналом,Плановая запись,Подтверждено QA,1,IntMinor,Подтверждено,Да,QA,10.04.2025 00:00,Да,,,,Нет,,
12,11.04.2025 00:00,Иванов И.И.,Оператор,OPS,УРМ,"Управление реактивами, стандартами и т.п.",Плановая запись,Подтверждено QA,1,IntMinor,Подтверждено,Да,QA,11.04.2025 00:00,Да,,,,Нет,,
21,15.04.2025 00:00,Иванов И.И.,Оператор,OPS,УДЗ,Управление документами и записями,Плановая запись,Подтверждено QA,1,IntMinor,Подтверждено,Да,QA,15.04.2025 00:00,Да,,,,Нет,,
19,16.04.2025 00:00,Иванов И.И.,Оператор,OPS,УПП,Управление поставками,Плановая запись,Подтверждено QA,1,IntMajor,Подтверждено,Да,QA,16.04.2025 00:00,Да,,,,Нет,,
76,17.04.2025 00:00,Иванов И.И.,Оператор,OPS,УО,Управление оборудованием,Плановая запись,Подтверждено QA,1,IntMinor,Подтверждено,Да,QA,17.04.2025 00:00,Да,,,,Нет,,
196,17.04.2025 00:00,Иванов И.И.,Оператор,OPS,УДЗ,Управление документами и записями,Плановая запись,Подтверждено QA,1,IntMinor,Подтверждено,Да,QA,17.04.2025 00:00,Да,,,,Нет,,
103,19.04.2025 00:00,Иванов И.И.,Оператор,OPS,УРМ,"Управление реактивами, стандартами и т.п.",Плановая запись,Подтверждено QA,1,IntMinor,Подтверждено,Да,QA,19.04.2025 00:00,Да,,,,Нет,,
116,20.04.2025 00:00,Иванов И.И.,Оператор,OPS,УПс,Управление персоналом,Плановая запись,Подтверждено QA,1,IntMinor,Подтверждено,Да,QA,20.04.2025 00:00,Да,,,,Нет,,
110,21.04.2025 00:00,Иванов И.И.,Оператор,OPS,УПс,Управление персоналом,Плановая запись,Подтверждено QA,1,IntMinor,Подтверждено,Да,QA,21.04.2025 00:00,Да,,,,Нет,,
159,22.04.2025 00:00,Иванов И.И.,Оператор,OPS,УДЗ,Управление документами и записями,Плановая запись,Подтверждено QA,1,IntMinor,Подтверждено,Да,QA,22.04.2025 00:00,Да,,,,Нет,,
17,25.04.2025 00:00,Иванов И.И.,Оператор,OPS,УРМ,"Управление реактивами, стандартами и т.п.",Плановая запись,Подтверждено QA,1,IntMinor,Подтверждено,Да,QA,25.04.2025 00:00,Да,,,,Нет,,
114,26.04.2025 00:00,Иванов И.И.,Оператор,OPS,УПП,Управление поставками,Плановая запись,Подтверждено QA,1,IntMinor,Подтверждено,Да,QA,26.04.2025 00:00,Да,,,,Нет,,
193,26.04.2025 00:00,Иванов И.И.,Оператор,OPS,УПс,Управление персоналом,Плановая запись,Подтверждено QA,1,IntMajor,Подтверждено,Да,QA,26.04.2025 00:00,Да,,,,Нет,,
45,27.04.2025 00:00,Иванов И.И.,Оператор,OPS,ПР,Проектная деятельность,Плановая запись,Подтверждено QA,1,IntMinor,Подтверждено,Да,QA,27.04.2025 00:00,Да,,,,Нет,,
44,01.05.2025 00:00,Иванов И.И.,Оператор,OPS,УКС,Управление компьютеризированными системами,Плановая запись,Подтверждено QA,1,IntMinor,Подтверждено,Да,QA,01.05.2025 00:00,Да,,,,Нет,,
23,07.05.2025 00:00,Иванов И.И.,Оператор,OPS,УПс,Управление персоналом,Плановая запись,Подтверждено QA,1,IntMinor,Подтверждено,Да,QA,07.05.2025 00:00,Да,,,,Нет,,
89,10.05.2025 00:00,Иванов И.И.,Оператор,OPS,УПП,Управление поставками,Плановая запись,Подтверждено QA,1,IntMinor,Подтверждено,Да,QA,10.05.2025 00:00,Да,,,,Нет,,
9,10.05.2025 00:00,Иванов И.И.,Оператор,OPS,УРМ,"Управление реактивами, стандартами и т.п.",Плановая запись,Подтверждено QA,1,IntMinor,Подтверждено,Да,QA,10.05.2025 00:00,Да,,,,Нет,,
184,10.05.2025 00:00,Иванов И.И.,Оператор,OPS,УО,Управление оборудованием,Плановая запись,Подтверждено QA,1,IntMinor,Подтверждено,Да,QA,10.05.2025 00:00,Да,,,,Нет,,
24,13.05.2025 00:00,Иванов И.И.,Оператор,OPS,УПП,Управление поставками,Плановая запись,Подтверждено QA,1,IntMinor,Подтверждено,Да,QA,13.05.2025 00:00,Да,,,,Нет,,
161,13.05.2025 00:00,Иванов И.И.,Оператор,OPS,УДЗ,Управление документами и записями,Плановая запись,Подтверждено QA,1,IntMinor,Подтверждено,Да,QA,13.05.2025 00:00,Да,,,,Нет,,
140,13.05.2025 00:00,Иванов И.И.,Оператор,OPS,УО,Управление оборудованием,Плановая запись,Подтверждено QA,1,IntMajor,Подтверждено,Да,QA,13.05.2025 00:00,Да,,,,Нет,,
48,14.05.2025 00:00,Иванов И.И.,Оператор,OPS,УКС,Управление компьютеризированными системами,Плановая запись,Подтверждено QA,1,IntMinor,Подтверждено,Да,QA,14.05.2025 00:00,Да,,,,Нет,,
74,15.05.2025 00:00,Иванов И.И.,Оператор,OPS,УО,Управление оборудованием,Плановая запись,Подтверждено QA,1,IntMinor,Подтверждено,Да,QA,15.05.2025 00:00,Да,,,,Нет,,
97,17.05.2025 00:00,Иванов И.И.,Оператор,OPS,УПП,Управление поставками,Плановая запись,Подтверждено QA,1,IntMinor,Подтверждено,Да,QA,17.05.2025 00:00,Да,,,,Нет,,
35,20.05.2025 00:00,Иванов И.И.,Оператор,OPS,УО,Управление оборудованием,Плановая запись,Подтверждено QA,1,IntMinor,Подтверждено,Да,QA,20.05.2025 00:00,Да,,,,Нет,,
7,21.05.2025 00:00,Иванов И.И.,Оператор,OPS,УКС,Управление компьютеризированными системами,Плановая запись,Подтверждено QA,1,IntMinor,Подтверждено,Да,QA,21.05.2025 00:00,Да,,,,Нет,,
20,25.05.2025 00:00,Иванов И.И.,Оператор,OPS,УПП,Управление поставками,Плановая запись,Подтверждено QA,1,IntMinor,Подтверждено,Да,QA,25.05.2025 00:00,Да,,,,Нет,,
133,26.05.2025 00:00,Иванов И.И.,Оператор,OPS,УПс,Управление персоналом,Плановая запись,Подтверждено QA,1,IntMajor,Подтверждено,Да,QA,26.05.2025 00:00,Да,,,,Нет,,
56,27.05.2025 00:00,Иванов И.И.,Оператор,OPS,ПР,Проектная деятельность,Плановая запись,Подтверждено QA,1,IntMinor,Подтверждено,Да,QA,27.05.2025 00:00,Да,,,,Нет,,
120,28.05.2025 00:00,Иванов И.И.,Оператор,OPS,УПс,Управление персоналом,Плановая запись,Подтверждено QA,1,IntMajor,Подтверждено,Да,QA,28.05.2025 00:00,Да,,,,Нет,,
126,30.05.2025 00:00,Иванов И.И.,Оператор,OPS,УО,Управление оборудованием,Плановая запись,Подтверждено QA,1,IntMinor,Подтверждено,Да,QA,30.05.2025 00:00,Да,,,,Нет,,
60,02.06.2025 00:00,Иванов И.И.,Оператор,OPS,УРМ,"Управление реактивами, стандартами и т.п.",Плановая запись,Подтверждено QA,1,IntMinor,Подтверждено,Да,QA,02.06.2025 00:00,Да,,,,Нет,,
96,02.06.2025 00:00,Иванов И.И.,Оператор,OPS,УРМ,"Управление реактивами, стандартами и т.п.",Плановая запись,Подтверждено QA,1,IntMajor,Подтверждено,Да,QA,02.06.2025 00:00,Да,,,,Нет,,
157,02.06.2025 00:00,Иванов И.И.,Оператор,OPS,УРМ,"Управление реактивами, стандартами и т.п.",Плановая запись,Подтверждено QA,1,IntMajor,Подтверждено,Да,QA,02.06.2025 00:00,Да,,,,Нет,,
186,07.06.2025 00:00,Иванов И.И.,Оператор,OPS,УО,Управление оборудованием,Плановая запись,Подтверждено QA,1,IntMinor,Подтверждено,Да,QA,07.06.2025 00:00,Да,,,,Нет,,
31,10.06.2025 00:00,Иванов И.И.,Оператор,OPS,УП,Управление помещениями,Плановая запись,Подтверждено QA,1,IntMinor,Подтверждено,Да,QA,10.06.2025 00:00,Да,,,,Нет,,
26,13.06.2025 00:00,Иванов И.И.,Оператор,OPS,УПП,Управление поставками,Плановая запись,Подтверждено QA,1,IntMajor,Подтверждено,Да,QA,13.06.2025 00:00,Да,,,,Нет,,
52,13.06.2025 00:00,Иванов И.И.,Оператор,OPS,УПс,Управление персоналом,Плановая запись,Подтверждено QA,1,IntMinor,Подтверждено,Да,QA,13.06.2025 00:00,Да,,,,Нет,,
123,14.06.2025 00:00,Иванов И.И.,Оператор,OPS,УПП,Управление поставками,Плановая запись,Подтверждено QA,1,IntMajor,Подтверждено,Да,QA,14.06.2025 00:00,Да,,,,Нет,,
42,20.06.2025 00:00,Иванов И.И.,Оператор,OPS,УО,Управление оборудованием,Плановая запись,Подтверждено QA,1,IntMinor,Подтверждено,Да,QA,20.06.2025 00:00,Да,,,,Нет,,
4,24.06.2025 00:00,Иванов И.И.,Оператор,OPS,УПП,Управление поставками,Плановая запись,Подтверждено QA,1,IntMinor,Подтверждено,Да,QA,24.06.2025 00:00,Да,,,,Нет,,
83,30.06.2025 00:00,Иванов И.И.,Оператор,OPS,УПс,Управление персоналом,Плановая запись,Подтверждено QA,1,IntMinor,Подтверждено,Да,QA,30.06.2025 00:00,Да,,,,Нет,,
189,30.06.2025 00:00,Иванов И.И.,Оператор,OPS,УДЗ,Управление документами и записями,Плановая запись,Подтверждено QA,1,IntMajor,Подтверждено,Да,QA,30.06.2025 00:00,Да,,,,Нет,,
98,04.07.2025 00:00,Иванов И.И.,Оператор,OPS,УДЗ,Управление документами и записями,Плановая запись,Подтверждено QA,1,IntMajor,Подтверждено,Да,QA,04.07.2025 00:00,Да,,,,Нет,,
75,04.07.2025 00:00,Иванов И.И.,Оператор,OPS,УДЗ,Управление документами и записями,Плановая запись,Подтверждено QA,1,IntMinor,Подтверждено,Да,QA,04.07.2025 00:00,Да,,,,Нет,,
113,05.07.2025 00:00,Иванов И.И.,Оператор,OPS,УРМ,"Управление реактивами, стандартами и т.п.",Плановая запись,Подтверждено QA,1,IntMinor,Подтверждено,Да,QA,05.07.2025 00:00,Да,,,,Нет,,
138,06.07.2025 00:00,Иванов И.И.,Оператор,OPS,УО,Управление оборудованием,Плановая запись,Подтверждено QA,1,IntMinor,Подтверждено,Да,QA,06.07.2025 00:00,Да,,,,Нет,,
127,09.07.2025 00:00,Иванов И.И.,Оператор,OPS,УПс,Управление персоналом,Плановая запись,Подтверждено QA,1,IntMinor,Подтверждено,Да,QA,09.07.2025 00:00,Да,,,,Нет,,
192,12.07.2025 00:00,Иванов И.И.,Оператор,OPS,УРМ,"Управление реактивами, стандартами и т.п.",Плановая запись,Подтверждено QA,1,IntMinor,Подтверждено,Да,QA,12.07.2025 00:00,Да,,,,Нет,,
33,15.07.2025 00:00,Иванов И.И.,Оператор,EA,УКС,Управление компьютеризированными системами,Плановая запись,Подтверждено QA,1,ExtMinor,Подтверждено,Да,QA,15.07.2025 00:00,Да,,,,Нет,,
200,19.07.2025 00:00,Иванов И.И.,Оператор,OPS,УДЗ,Управление документами и записями,Плановая запись,Подтверждено QA,1,IntMinor,Подтверждено,Да,QA,19.07.2025 00:00,Да,,,,Нет,,
148,20.07.2025 00:00,Иванов И.И.,Оператор,OPS,УО,Управление оборудованием,Плановая запись,Подтверждено QA,1,IntMinor,Подтверждено,Да,QA,20.07.2025 00:00,Да,,,,Нет,,
130,20.07.2025 00:00,Иванов И.И.,Оператор,OPS,УО,Управление оборудованием,Плановая запись,Подтверждено QA,1,IntMinor,Подтверждено,Да,QA,20.07.2025 00:00,Да,,,,Нет,,
15,21.07.2025 00:00,Иванов И.И.,Оператор,OPS,УПП,Управление поставками,Плановая запись,Подтверждено QA,1,IntMinor,Подтверждено,Да,QA,21.07.2025 00:00,Да,,,,Нет,,
86,23.07.2025 00:00,Иванов И.И.,Оператор,OPS,УПП,Управление поставками,Плановая запись,Подтверждено QA,1,IntMinor,Подтверждено,Да,QA,23.07.2025 00:00,Да,,,,Нет,,
14,23.07.2025 00:00,Иванов И.И.,Оператор,OPS,УП,Управление помещениями,Плановая запись,Подтверждено QA,1,IntMajor,Подтверждено,Да,QA,23.07.2025 00:00,Да,,,,Нет,,
65,25.07.2025 00:00,Иванов И.И.,Оператор,OPS,УРМ,"Управление реактивами, стандартами и т.п.",Плановая запись,Подтверждено QA,1,IntMajor,Подтверждено,Да,QA,25.07.2025 00:00,Да,,,,Нет,,
8,29.07.2025 00:00,Иванов И.И.,Оператор,EA,УРМ,"Управление реактивами, стандартами и т.п.",Плановая запись,Подтверждено QA,1,ExtMinor,Подтверждено,Да,QA,29.07.2025 00:00,Да,,,,Нет,,
118,31.07.2025 00:00,Иванов И.И.,Оператор,OPS,УПс,Управление персоналом,Плановая запись,Подтверждено QA,1,IntMajor,Подтверждено,Да,QA,31.07.2025 00:00,Да,,,,Нет,,
166,01.08.2025 00:00,Иванов И.И.,Оператор,OPS,УП,Управление помещениями,Плановая запись,Подтверждено QA,1,IntMinor,Подтверждено,Да,QA,01.08.2025 00:00,Да,,,,Нет,,
194,02.08.2025 00:00,Иванов И.И.,Оператор,OPS,УКС,Управление компьютеризированными системами,Плановая запись,Подтверждено QA,1,IntMinor,Подтверждено,Да,QA,02.08.2025 00:00,Да,,,,Нет,,
53,03.08.2025 00:00,Иванов И.И.,Оператор,OPS,УДЗ,Управление документами и записями,Плановая запись,Подтверждено QA,1,IntMajor,Подтверждено,Да,QA,03.08.2025 00:00,Да,,,,Нет,,
18,06.08.2025 00:00,Иванов И.И.,Оператор,OPS,УКС,Управление компьютеризированными системами,Плановая запись,Подтверждено QA,1,IntMinor,Подтверждено,Да,QA,06.08.2025 00:00,Да,,,,Нет,,
58,08.08.2025 00:00,Иванов И.И.,Оператор,OPS,УПс,Управление персоналом,Плановая запись,Подтверждено QA,1,IntMinor,Подтверждено,Да,QA,08.08.2025 00:00,Да,,,,Нет,,
197,08.08.2025 00:00,Иванов И.И.,Оператор,OPS,УПП,Управление поставками,Плановая запись,Подтверждено QA,1,IntMajor,Подтверждено,Да,QA,08.08.2025 00:00,Да,,,,Нет,,
171,08.08.2025 00:00,Иванов И.И.,Оператор,EA,УО,Управление оборудованием,Плановая запись,Подтверждено QA,1,ExtMinor,Подтверждено,Да,QA,08.08.2025 00:00,Да,,,,Нет,,
155,10.08.2025 00:00,Иванов И.И.,Оператор,OPS,УПс,Управление персоналом,Плановая запись,Подтверждено QA,1,IntMinor,Подтверждено,Да,QA,10.08.2025 00:00,Да,,,,Нет,,
94,10.08.2025 00:00,Иванов И.И.,Оператор,OPS,УКС,Управление компьютеризированными системами,Плановая запись,Подтверждено QA,1,IntMinor,Подтверждено,Да,QA,10.08.2025 00:00,Да,,,,Нет,,
145,14.08.2025 00:00,Иванов И.И.,Оператор,OPS,УРМ,"Управление реактивами, стандартами и т.п.",Плановая запись,Подтверждено QA,1,IntMinor,Подтверждено,Да,QA,14.08.2025 00:00,Да,,,,Нет,,
139,17.08.2025 00:00,Иванов И.И.,Оператор,OPS,УДЗ,Управление документами и записями,Плановая запись,Подтверждено QA,1,IntMinor,Подтверждено,Да,QA,17.08.2025 00:00,Да,,,,Нет,,
151,20.08.2025 00:00,Иванов И.И.,Оператор,OPS,УПП,Управление поставками,Плановая запись,Подтверждено QA,1,IntMinor,Подтверждено,Да,QA,20.08.2025 00:00,Да,,,,Нет,,
190,21.08.2025 00:00,Иванов И.И.,Оператор,OPS,УДЗ,Управление документами и записями,Плановая запись,Подтверждено QA,1,IntMinor,Подтверждено,Да,QA,21.08.2025 00:00,Да,,,,Нет,,
146,21.08.2025 00:00,Иванов И.И.,Оператор,OPS,УКС,Управление компьютеризированными системами,Плановая запись,Подтверждено QA,1,IntMinor,Подтверждено,Да,QA,21.08.2025 00:00,Да,,,,Нет,,
160,21.08.2025 00:00,Иванов И.И.,Оператор,OPS,УПс,Управление персоналом,Плановая запись,Подтверждено QA,1,IntMinor,Подтверждено,Да,QA,21.08.2025 00:00,Да,,,,Нет,,
172,23.08.2025 00:00,Иванов И.И.,Оператор,OPS,УПП,Управление поставками,Плановая запись,Подтверждено QA,1,IntMinor,Подтверждено,Да,QA,23.08.2025 00:00,Да,,,,Нет,,
68,23.08.2025 00:00,Иванов И.И.,Оператор,OPS,ПР,Проектная деятельность,Плановая запись,Подтверждено QA,1,IntMinor,Подтверждено,Да,QA,23.08.2025 00:00,Да,,,,Нет,,
34,25.08.2025 00:00,Иванов И.И.,Оператор,OPS,УО,Управление оборудованием,Плановая запись,Подтверждено QA,1,IntMajor,Подтверждено,Да,QA,25.08.2025 00:00,Да,,,,Нет,,
27,25.08.2025 00:00,Иванов И.И.,Оператор,OPS,УПс,Управление персоналом,Плановая запись,Подтверждено QA,1,IntMinor,Подтверждено,Да,QA,25.08.2025 00:00,Да,,,,Нет,,
143,29.08.2025 00:00,Иванов И.И.,Оператор,OPS,УО,Управление оборудованием,Плановая запись,Подтверждено QA,1,IntMinor,Подтверждено,Да,QA,29.08.2025 00:00,Да,,,,Нет,,
82,02.09.2025 00:00,Иванов И.И.,Оператор,OPS,УПП,Управление поставками,Плановая запись,Подтверждено QA,1,IntMinor,Подтверждено,Да,QA,02.09.2025 00:00,Да,,,,Нет,,
179,03.09.2025 00:00,Иванов И.И.,Оператор,OPS,УДЗ,Управление документами и записями,Плановая запись,Подтверждено QA,1,IntMinor,Подтверждено,Да,QA,03.09.2025 00:00,Да,,,,Нет,,
50,03.09.2025 00:00,Иванов И.И.,Оператор,OPS,УП,Управление помещениями,Плановая запись,Подтверждено QA,1,IntMinor,Подтверждено,Да,QA,03.09.2025 00:00,Да,,,,Нет,,
173,04.09.2025 00:00,Иванов И.И.,Оператор,OPS,УРМ,"Управление реактивами, стандартами и т.п.",Плановая запись,Подтверждено QA,1,IntMinor,Подтверждено,Да,QA,04.09.2025 00:00,Да,,,,Нет,,
2,08.09.2025 00:00,Иванов И.И.,Оператор,EA,ПР,Проектная деятельность,Плановая запись,Подтверждено QA,1,ExtMinor,Подтверждено,Да,QA,08.09.2025 00:00,Да,,,,Нет,,
62,10.09.2025 00:00,Иванов И.И.,Оператор,OPS,УО,Управление оборудованием,Плановая запись,Подтверждено QA,1,IntMinor,Подтверждено,Да,QA,10.09.2025 00:00,Да,,,,Нет,,
59,13.09.2025 00:00,Иванов И.И.,Оператор,OPS,УП,Управление помещениями,Плановая запись,Подтверждено QA,1,IntMinor,Подтверждено,Да,QA,13.09.2025 00:00,Да,,,,Нет,,
61,14.09.2025 00:00,Иванов И.И.,Оператор,OPS,УПс,Управление персоналом,Плановая запись,Подтверждено QA,1,IntMajor,Подтверждено,Да,QA,14.09.2025 00:00,Да,,,,Нет,,
10,15.09.2025 00:00,Иванов И.И.,Оператор,OPS,ПР,Проектная деятельность,Плановая запись,Подтверждено QA,1,IntMajor,Подтверждено,Да,QA,15.09.2025 00:00,Да,,,,Нет,,
174,18.09.2025 00:00,Иванов И.И.,Оператор,OPS,УО,Управление оборудованием,Плановая запись,Подтверждено QA,1,IntMajor,Подтверждено,Да,QA,18.09.2025 00:00,Да,,,,Нет,,
71,19.09.2025 00:00,Иванов И.И.,Оператор,OPS,УПс,Управление персоналом,Плановая запись,Подтверждено QA,1,IntMajor,Подтверждено,Да,QA,19.09.2025 00:00,Да,,,,Нет,,
135,20.09.2025 00:00,Иванов И.И.,Оператор,OPS,УРМ,"Управление реактивами, стандартами и т.п.",Плановая запись,Подтверждено QA,1,IntMinor,Подтверждено,Да,QA,20.09.2025 00:00,Да,,,,Нет,,
125,20.09.2025 00:00,Иванов И.И.,Оператор,OPS,УДЗ,Управление документами и записями,Плановая запись,Подтверждено QA,1,IntMinor,Подтверждено,Да,QA,20.09.2025 00:00,Да,,,,Нет,,
47,22.09.2025 00:00,Иванов И.И.,Оператор,OPS,ПР,Проектная деятельность,Плановая запись,Подтверждено QA,1,IntMinor,Подтверждено,Да,QA,22.09.2025 00:00,Да,,,,Нет,,
66,23.09.2025 00:00,Иванов И.И.,Оператор,OPS,ПР,Проектная деятельность,Плановая запись,Подтверждено QA,1,IntMinor,Подтверждено,Да,QA,23.09.2025 00:00,Да,,,,Нет,,
22,26.09.2025 00:00,Иванов И.И.,Оператор,OPS,ПР,Проектная деятельность,Плановая запись,Подтверждено QA,1,IntMinor,Подтверждено,Да,QA,26.09.2025 00:00,Да,,,,Нет,,
154,29.09.2025 00:00,Иванов И.И.,Оператор,OPS,УРМ,"Управление реактивами, стандартами и т.п.",Плановая запись,Подтверждено QA,1,IntMinor,Подтверждено,Да,QA,29.09.2025 00:00,Да,,,,Нет,,
25,29.09.2025 00:00,Иванов И.И.,Оператор,OPS,УПс,Управление персоналом,Плановая запись,Подтверждено QA,1,IntMinor,Подтверждено,Да,QA,29.09.2025 00:00,Да,,,,Нет,,
169,30.09.2025 00:00,Иванов И.И.,Оператор,EA,УО,Управление оборудованием,Плановая запись,Подтверждено QA,1,ExtMinor,Подтверждено,Да,QA,30.09.2025 00:00,Да,,,,Нет,,
92,30.09.2025 00:00,Иванов И.И.,Оператор,OPS,УО,Управление оборудованием,Плановая запись,Подтверждено QA,1,IntMinor,Подтверждено,Да,QA,30.09.2025 00:00,Да,,,,Нет,,
77,07.10.2025 00:00,Иванов И.И.,Оператор,OPS,УПс,Управление персоналом,Плановая запись,Подтверждено QA,1,IntMinor,Подтверждено,Да,QA,07.10.2025 00:00,Да,,,,Нет,,
40,10.10.2025 00:00,Иванов И.И.,Оператор,OPS,УПП,Управление поставками,Плановая запись,Подтверждено QA,1,IntMinor,Подтверждено,Да,QA,10.10.2025 00:00,Да,,,,Нет,,
29,15.10.2025 00:00,Иванов И.И.,Оператор,OPS,УПс,Управление персоналом,Плановая запись,Подтверждено QA,1,IntMinor,Подтверждено,Да,QA,15.10.2025 00:00,Да,,,,Нет,,
195,16.10.2025 00:00,Иванов И.И.,Оператор,OPS,УДЗ,Управление документами и записями,Плановая запись,Подтверждено QA,1,IntMinor,Подтверждено,Да,QA,16.10.2025 00:00,Да,,,,Нет,,
13,16.10.2025 00:00,Иванов И.И.,Оператор,OPS,УП,Управление помещениями,Плановая запись,Подтверждено QA,1,IntMinor,Подтверждено,Да,QA,16.10.2025 00:00,Да,,,,Нет,,
152,18.10.2025 00:00,Иванов И.И.,Оператор,OPS,ПР,Проектная деятельность,Плановая запись,Подтверждено QA,1,IntMinor,Подтверждено,Да,QA,18.10.2025 00:00,Да,,,,Нет,,
165,20.10.2025 00:00,Иванов И.И.,Оператор,OPS,УП,Управление помещениями,Плановая запись,Подтверждено QA,1,IntMajor,Подтверждено,Да,QA,20.10.2025 00:00,Да,,,,Нет,,
167,20.10.2025 00:00,Иванов И.И.,Оператор,OPS,УП,Управление помещениями,Плановая запись,Подтверждено QA,1,IntMinor,Подтверждено,Да,QA,20.10.2025 00:00,Да,,,,Нет,,
129,23.10.2025 00:00,Иванов И.И.,Оператор,OPS,ПР,Проектная деятельность,Плановая запись,Подтверждено QA,1,IntMinor,Подтверждено,Да,QA,23.10.2025 00:00,Да,,,,Нет,,
70,28.10.2025 00:00,Иванов И.И.,Оператор,OPS,УПс,Управление персоналом,Плановая запись,Подтверждено QA,1,IntMinor,Подтверждено,Да,QA,28.10.2025 00:00,Да,,,,Нет,,
5,31.10.2025 00:00,Иванов И.И.,Оператор,OPS,УПП,Управление поставками,Плановая запись,Подтверждено QA,1,IntMinor,Подтверждено,Да,QA,31.10.2025 00:00,Да,,,,Нет,,
158,01.11.2025 00:00,Иванов И.И.,Оператор,OPS,УРМ,"Управление реактивами, стандартами и т.п.",Плановая запись,Подтверждено QA,1,IntMinor,Подтверждено,Да,QA,01.11.2025 00:00,Да,,,,Нет,,
206,01.11.2025 17:00,Система_Тест,QA_Бот,OPS,УРМ,"Управление реактивами, стандартами и т.п.",Модель УРМ (Месяц 11),Контроль инерции,1,IntMinor,Подтверждено,Да,QA,01.11.2025 17:00,Да,,,,Нет,,
208,01.11.2025 17:00,Система_Тест,QA_Бот,OPS,УРМ,"Управление реактивами, стандартами и т.п.",Модель УРМ (Месяц 11),Контроль инерции,1,IntMinor,Подтверждено,Да,QA,01.11.2025 17:00,Да,,,,Нет,,
181,02.11.2025 00:00,Иванов И.И.,Оператор,OPS,УП,Управление помещениями,Плановая запись,Подтверждено QA,1,IntMinor,Подтверждено,Да,QA,02.11.2025 00:00,Да,,,,Нет,,
73,03.11.2025 00:00,Иванов И.И.,Оператор,OPS,УКС,Управление компьютеризированными системами,Плановая запись,Подтверждено QA,1,IntMinor,Подтверждено,Да,QA,03.11.2025 00:00,Да,,,,Нет,,
117,05.11.2025 00:00,Иванов И.И.,Оператор,OPS,УДЗ,Управление документами и записями,Плановая запись,Подтверждено QA,1,IntMinor,Подтверждено,Да,QA,05.11.2025 00:00,Да,,,,Нет,,
105,05.11.2025 00:00,Иванов И.И.,Оператор,OPS,УПП,Управление поставками,Плановая запись,Подтверждено QA,1,IntMinor,Подтверждено,Да,QA,05.11.2025 00:00,Да,,,,Нет,,
144,06.11.2025 00:00,Иванов И.И.,Оператор,OPS,УП,Управление помещениями,Плановая запись,Подтверждено QA,1,IntMinor,Подтверждено,Да,QA,06.11.2025 00:00,Да,,,,Нет,,
49,06.11.2025 00:00,Иванов И.И.,Оператор,OPS,ПР,Проектная деятельность,Плановая запись,Подтверждено QA,1,IntMinor,Подтверждено,Да,QA,06.11.2025 00:00,Да,,,,Нет,,
210,06.11.2025 09:00,Система_Тест,QA_Бот,OPS,УРМ,"Управление реактивами, стандартами и т.п.",Модель УРМ (Месяц 11),Контроль инерции,1,IntMinor,Подтверждено,Да,QA,06.11.2025 09:00,Да,,,,Нет,,
217,06.11.2025 16:00,Система_Тест,QA_Бот,OPS,УРМ,"Управление реактивами, стандартами и т.п.",Модель УРМ (Месяц 11),Контроль инерции,1,IntMinor,Подтверждено,Да,QA,06.11.2025 16:00,Да,,,,Нет,,
215,07.11.2025 10:00,Система_Тест,QA_Бот,OPS,УРМ,"Управление реактивами, стандартами и т.п.",Модель УРМ (Месяц 11),Контроль инерции,1,IntMinor,Подтверждено,Да,QA,07.11.2025 10:00,Да,,,,Нет,,
6,08.11.2025 00:00,Иванов И.И.,Оператор,OPS,УРМ,"Управление реактивами, стандартами и т.п.",Плановая запись,Подтверждено QA,1,IntMinor,Подтверждено,Да,QA,08.11.2025 00:00,Да,,,,Нет,,
207,08.11.2025 09:00,Система_Тест,QA_Бот,OPS,УРМ,"Управление реактивами, стандартами и т.п.",Модель УРМ (Месяц 11),Контроль инерции,1,IntMinor,Подтверждено,Да,QA,08.11.2025 09:00,Да,,,,Нет,,
198,09.11.2025 00:00,Иванов И.И.,Оператор,OPS,УДЗ,Управление документами и записями,Плановая запись,Подтверждено QA,1,IntMinor,Подтверждено,Да,QA,09.11.2025 00:00,Да,,,,Нет,,
112,10.11.2025 00:00,Иванов И.И.,Оператор,OPS,УП,Управление помещениями,Плановая запись,Подтверждено QA,1,IntMinor,Подтверждено,Да,QA,10.11.2025 00:00,Да,,,,Нет,,
216,11.11.2025 10:00,Система_Тест,QA_Бот,OPS,УРМ,"Управление реактивами, стандартами и т.п.",Модель УРМ (Месяц 11),Контроль инерции,1,IntMinor,Подтверждено,Да,QA,11.11.2025 10:00,Да,,,,Нет,,
121,13.11.2025 00:00,Иванов И.И.,Оператор,EA,УПс,Управление персоналом,Плановая запись,Подтверждено QA,1,ExtMinor,Подтверждено,Да,QA,13.11.2025 00:00,Да,,,,Нет,,
203,13.11.2025 10:00,Система_Тест,QA_Бот,OPS,УРМ,"Управление реактивами, стандартами и т.п.",Модель УРМ (Месяц 11),Контроль инерции,1,IntMinor,Подтверждено,Да,QA,13.11.2025 10:00,Да,,,,Нет,,
218,13.11.2025 16:00,Система_Тест,QA_Бот,OPS,УРМ,"Управление реактивами, стандартами и т.п.",Модель УРМ (Месяц 11),Контроль инерции,1,IntMinor,Подтверждено,Да,QA,13.11.2025 16:00,Да,,,,Нет,,
136,14.11.2025 00:00,Иванов И.И.,Оператор,OPS,УО,Управление оборудованием,Плановая запись,Подтверждено QA,1,IntMajor,Подтверждено,Да,QA,14.11.2025 00:00,Да,,,,Нет,,
16,14.11.2025 00:00,Иванов И.И.,Оператор,OPS,ПР,Проектная деятельность,Плановая запись,Подтверждено QA,1,IntMinor,Подтверждено,Да,QA,14.11.2025 00:00,Да,,,,Нет,,
212,14.11.2025 09:00,Система_Тест,QA_Бот,OPS,УРМ,"Управление реактивами, стандартами и т.п.",Модель УРМ (Месяц 11),Контроль инерции,1,IntMinor,Подтверждено,Да,QA,14.11.2025 09:00,Да,,,,Нет,,
201,14.11.2025 15:00,Система_Тест,QA_Бот,OPS,УРМ,"Управление реактивами, стандартами и т.п.",Модель УРМ (Месяц 11),Контроль инерции,1,IntMinor,Подтверждено,Да,QA,14.11.2025 15:00,Да,,,,Нет,,
177,16.11.2025 00:00,Иванов И.И.,Оператор,OPS,ПР,Проектная деятельность,Плановая запись,Подтверждено QA,1,IntMinor,Подтверждено,Да,QA,16.11.2025 00:00,Да,,,,Нет,,
141,16.11.2025 00:00,Иванов И.И.,Оператор,OPS,УО,Управление оборудованием,Плановая запись,Подтверждено QA,1,IntMinor,Подтверждено,Да,QA,16.11.2025 00:00,Да,,,,Нет,,
80,17.11.2025 00:00,Иванов И.И.,Оператор,OPS,УП,Управление помещениями,Плановая запись,Подтверждено QA,1,IntMajor,Подтверждено,Да,QA,17.11.2025 00:00,Да,,,,Нет,,
220,17.11.2025 11:00,Система_Тест,QA_Бот,OPS,УРМ,"Управление реактивами, стандартами и т.п.",Модель УРМ (Месяц 11),Контроль инерции,1,IntMinor,Подтверждено,Да,QA,17.11.2025 11:00,Да,,,,Нет,,
205,18.11.2025 15:00,Система_Тест,QA_Бот,OPS,УРМ,"Управление реактивами, стандартами и т.п.",Модель УРМ (Месяц 11),Контроль инерции,1,IntMinor,Подтверждено,Да,QA,18.11.2025 15:00,Да,,,,Нет,,
91,20.11.2025 00:00,Иванов И.И.,Оператор,OPS,УО,Управление оборудованием,Плановая запись,Подтверждено QA,1,IntMinor,Подтверждено,Да,QA,20.11.2025 00:00,Да,,,,Нет,,
204,23.11.2025 16:00,Система_Тест,QA_Бот,OPS,УРМ,"Управление реактивами, стандартами и т.п.",Модель УРМ (Месяц 11),Контроль инерции,1,IntMinor,Подтверждено,Да,QA,23.11.2025 16:00,Да,,,,Нет,,
55,25.11.2025 00:00,Иванов И.И.,Оператор,OPS,УПП,Управление поставками,Плановая запись,Подтверждено QA,1,IntMinor,Подтверждено,Да,QA,25.11.2025 00:00,Да,,,,Нет,,
211,25.11.2025 09:00,Система_Тест,QA_Бот,OPS,УРМ,"Управление реактивами, стандартами и т.п.",Модель УРМ (Месяц 11),Контроль инерции,1,IntMinor,Подтверждено,Да,QA,25.11.2025 09:00,Да,,,,Нет,,
219,25.11.2025 15:00,Система_Тест,QA_Бот,OPS,УРМ,"Управление реактивами, стандартами и т.п.",Модель УРМ (Месяц 11),Контроль инерции,1,IntMinor,Подтверждено,Да,QA,25.11.2025 15:00,Да,,,,Нет,,
209,25.11.2025 17:00,Система_Тест,QA_Бот,OPS,УРМ,"Управление реактивами, стандартами и т.п.",Модель УРМ (Месяц 11),Контроль инерции,1,IntMinor,Подтверждено,Да,QA,25.11.2025 17:00,Да,,,,Нет,,
122,26.11.2025 00:00,Иванов И.И.,Оператор,OPS,УПс,Управление персоналом,Плановая запись,Подтверждено QA,1,IntMinor,Подтверждено,Да,QA,26.11.2025 00:00,Да,,,,Нет,,
202,27.11.2025 15:00,Система_Тест,QA_Бот,OPS,УРМ,"Управление реактивами, стандартами и т.п.",Модель УРМ (Месяц 11),Контроль инерции,1,IntMinor,Подтверждено,Да,QA,27.11.2025 15:00,Да,,,,Нет,,
214,28.11.2025 09:00,Система_Тест,QA_Бот,OPS,УРМ,"Управление реактивами, стандартами и т.п.",Модель УРМ (Месяц 11),Контроль инерции,1,IntMinor,Подтверждено,Да,QA,28.11.2025 09:00,Да,,,,Нет,,
213,28.11.2025 11:00,Система_Тест,QA_Бот,OPS,УРМ,"Управление реактивами, стандартами и т.п.",Модель УРМ (Месяц 11),Контроль инерции,1,IntMinor,Подтверждено,Да,QA,28.11.2025 11:00,Да,,,,Нет,,
153,29.11.2025 00:00,Иванов И.И.,Оператор,OPS,УКС,Управление компьютеризированными системами,Плановая запись,Подтверждено QA,1,IntMinor,Подтверждено,Да,QA,29.11.2025 00:00,Да,,,,Нет,,
131,01.12.2025 00:00,Иванов И.И.,Оператор,OPS,УП,Управление помещениями,Плановая запись,Подтверждено QA,1,IntMinor,Подтверждено,Да,QA,01.12.2025 00:00,Да,,,,Нет,,
170,03.12.2025 00:00,Иванов И.И.,Оператор,OPS,УПП,Управление поставками,Плановая запись,Подтверждено QA,1,IntMinor,Подтверждено,Да,QA,03.12.2025 00:00,Да,,,,Нет,,
233,03.12.2025 11:00,Система_Тест,QA_Бот,OPS,УРМ,"Управление реактивами, стандартами и т.п.",Модель УРМ (Месяц 12),Контроль инерции,1,IntMinor,Подтверждено,Да,QA,03.12.2025 11:00,Да,,,,Нет,,
228,04.12.2025 14:00,Система_Тест,QA_Бот,OPS,УРМ,"Управление реактивами, стандартами и т.п.",Модель УРМ (Месяц 12),Контроль инерции,1,IntMinor,Подтверждено,Да,QA,04.12.2025 14:00,Да,,,,Нет,,
240,04.12.2025 17:00,Система_Тест,QA_Бот,OPS,УРМ,"Управление реактивами, стандартами и т.п.",Модель УРМ (Месяц 12),Контроль инерции,1,IntMinor,Подтверждено,Да,QA,04.12.2025 17:00,Да,,,,Нет,,
230,06.12.2025 12:00,Система_Тест,QA_Бот,OPS,УРМ,"Управление реактивами, стандартами и т.п.",Модель УРМ (Месяц 12),Контроль инерции,1,IntMinor,Подтверждено,Да,QA,06.12.2025 12:00,Да,,,,Нет,,
32,07.12.2025 00:00,Иванов И.И.,Оператор,OPS,УРМ,"Управление реактивами, стандартами и т.п.",Плановая запись,Подтверждено QA,1,IntMajor,Подтверждено,Да,QA,07.12.2025 00:00,Да,,,,Нет,,
235,08.12.2025 13:00,Система_Тест,QA_Бот,OPS,УРМ,"Управление реактивами, стандартами и т.п.",Модель УРМ (Месяц 12),Контроль инерции,1,IntMinor,Подтверждено,Да,QA,08.12.2025 13:00,Да,,,,Нет,,
93,09.12.2025 00:00,Иванов И.И.,Оператор,OPS,УП,Управление помещениями,Плановая запись,Подтверждено QA,1,IntMinor,Подтверждено,Да,QA,09.12.2025 00:00,Да,,,,Нет,,
224,09.12.2025 17:00,Система_Тест,QA_Бот,OPS,УРМ,"Управление реактивами, стандартами и т.п.",Модель УРМ (Месяц 12),Контроль инерции,1,IntMinor,Подтверждено,Да,QA,09.12.2025 17:00,Да,,,,Нет,,
176,10.12.2025 00:00,Иванов И.И.,Оператор,OPS,УРМ,"Управление реактивами, стандартами и т.п.",Плановая запись,Подтверждено QA,1,IntMinor,Подтверждено,Да,QA,10.12.2025 00:00,Да,,,,Нет,,
108,11.12.2025 00:00,Иванов И.И.,Оператор,OPS,ПР,Проектная деятельность,Плановая запись,Подтверждено QA,1,IntMinor,Подтверждено,Да,QA,11.12.2025 00:00,Да,,,,Нет,,
239,11.12.2025 12:00,Система_Тест,QA_Бот,OPS,УРМ,"Управление реактивами, стандартами и т.п.",Модель УРМ (Месяц 12),Контроль инерции,1,IntMinor,Подтверждено,Да,QA,11.12.2025 12:00,Да,,,,Нет,,
221,12.12.2025 15:00,Система_Тест,QA_Бот,OPS,УРМ,"Управление реактивами, стандартами и т.п.",Модель УРМ (Месяц 12),Контроль инерции,1,IntMinor,Подтверждено,Да,QA,12.12.2025 15:00,Да,,,,Нет,,
57,13.12.2025 00:00,Иванов И.И.,Оператор,OPS,УО,Управление оборудованием,Плановая запись,Подтверждено QA,1,IntMinor,Подтверждено,Да,QA,13.12.2025 00:00,Да,,,,Нет,,
225,13.12.2025 16:00,Система_Тест,QA_Бот,OPS,УРМ,"Управление реактивами, стандартами и т.п.",Модель УРМ (Месяц 12),Контроль инерции,1,IntMinor,Подтверждено,Да,QA,13.12.2025 16:00,Да,,,,Нет,,
78,14.12.2025 00:00,Иванов И.И.,Оператор,OPS,УПП,Управление поставками,Плановая запись,Подтверждено QA,1,IntMinor,Подтверждено,Да,QA,14.12.2025 00:00,Да,,,,Нет,,
28,14.12.2025 00:00,Иванов И.И.,Оператор,OPS,УП,Управление помещениями,Плановая запись,Подтверждено QA,1,IntMajor,Подтверждено,Да,QA,14.12.2025 00:00,Да,,,,Нет,,
226,14.12.2025 10:00,Система_Тест,QA_Бот,OPS,УРМ,"Управление реактивами, стандартами и т.п.",Модель УРМ (Месяц 12),Контроль инерции,1,IntMinor,Подтверждено,Да,QA,14.12.2025 10:00,Да,,,,Нет,,
223,14.12.2025 12:00,Система_Тест,QA_Бот,OPS,УРМ,"Управление реактивами, стандартами и т.п.",Модель УРМ (Месяц 12),Контроль инерции,1,IntMinor,Подтверждено,Да,QA,14.12.2025 12:00,Да,,,,Нет,,
238,15.12.2025 15:00,Система_Тест,QA_Бот,OPS,УРМ,"Управление реактивами, стандартами и т.п.",Модель УРМ (Месяц 12),Контроль инерции,1,IntMinor,Подтверждено,Да,QA,15.12.2025 15:00,Да,,,,Нет,,
1,16.12.2025 00:00,Иванов И.И.,Оператор,OPS,ПР,Проектная деятельность,Плановая запись,Подтверждено QA,1,IntMinor,Подтверждено,Да,QA,16.12.2025 00:00,Да,,,,Нет,,
234,16.12.2025 10:00,Система_Тест,QA_Бот,OPS,УРМ,"Управление реактивами, стандартами и т.п.",Модель УРМ (Месяц 12),Контроль инерции,1,IntMinor,Подтверждено,Да,QA,16.12.2025 10:00,Да,,,,Нет,,
231,16.12.2025 13:00,Система_Тест,QA_Бот,OPS,УРМ,"Управление реактивами, стандартами и т.п.",Модель УРМ (Месяц 12),Контроль инерции,1,IntMinor,Подтверждено,Да,QA,16.12.2025 13:00,Да,,,,Нет,,
237,16.12.2025 13:00,Система_Тест,QA_Бот,OPS,УРМ,"Управление реактивами, стандартами и т.п.",Модель УРМ (Месяц 12),Контроль инерции,1,IntMinor,Подтверждено,Да,QA,16.12.2025 13:00,Да,,,,Нет,,
229,17.12.2025 13:00,Система_Тест,QA_Бот,OPS,УРМ,"Управление реактивами, стандартами и т.п.",Модель УРМ (Месяц 12),Контроль инерции,1,IntMinor,Подтверждено,Да,QA,17.12.2025 13:00,Да,,,,Нет,,
88,19.12.2025 00:00,Иванов И.И.,Оператор,OPS,УО,Управление оборудованием,Плановая запись,Подтверждено QA,1,IntMinor,Подтверждено,Да,QA,19.12.2025 00:00,Да,,,,Нет,,
128,21.12.2025 00:00,Иванов И.И.,Оператор,OPS,УП,Управление помещениями,Плановая запись,Подтверждено QA,1,IntMinor,Подтверждено,Да,QA,21.12.2025 00:00,Да,,,,Нет,,
236,21.12.2025 11:00,Система_Тест,QA_Бот,OPS,УРМ,"Управление реактивами, стандартами и т.п.",Модель УРМ (Месяц 12),Контроль инерции,1,IntMinor,Подтверждено,Да,QA,21.12.2025 11:00,Да,,,,Нет,,
168,22.12.2025 00:00,Иванов И.И.,Оператор,OPS,УПП,Управление поставками,Плановая запись,Подтверждено QA,1,IntMajor,Подтверждено,Да,QA,22.12.2025 00:00,Да,,,,Нет,,
87,23.12.2025 00:00,Иванов И.И.,Оператор,OPS,УРМ,"Управление реактивами, стандартами и т.п.",Плановая запись,Подтверждено QA,1,IntMinor,Подтверждено,Да,QA,23.12.2025 00:00,Да,,,,Нет,,
232,24.12.2025 14:00,Система_Тест,QA_Бот,OPS,УРМ,"Управление реактивами, стандартами и т.п.",Модель УРМ (Месяц 12),Контроль инерции,1,IntMinor,Подтверждено,Да,QA,24.12.2025 14:00,Да,,,,Нет,,
227,25.12.2025 16:00,Система_Тест,QA_Бот,OPS,УРМ,"Управление реактивами, стандартами и т.п.",Модель УРМ (Месяц 12),Контроль инерции,1,IntMinor,Подтверждено,Да,QA,25.12.2025 16:00,Да,,,,Нет,,
95,26.12.2025 00:00,Иванов И.И.,Оператор,OPS,УДЗ,Управление документами и записями,Плановая запись,Подтверждено QA,1,IntMinor,Подтверждено,Да,QA,26.12.2025 00:00,Да,,,,Нет,,
164,27.12.2025 00:00,Иванов И.И.,Оператор,EA,УП,Управление помещениями,Плановая запись,Подтверждено QA,1,ExtMinor,Подтверждено,Да,QA,27.12.2025 00:00,Да,,,,Нет,,
222,27.12.2025 17:00,Система_Тест,QA_Бот,OPS,УРМ,"Управление реактивами, стандартами и т.п.",Модель УРМ (Месяц 12),Контроль инерции,1,IntMinor,Подтверждено,Да,QA,27.12.2025 17:00,Да,,,,Нет,,
11,28.12.2025 00:00,Иванов И.И.,Оператор,OPS,ПР,Проектная деятельность,Плановая запись,Подтверждено QA,1,IntMinor,Подтверждено,Да,QA,28.12.2025 00:00,Да,,,,Нет,,
149,29.12.2025 00:00,Иванов И.И.,Оператор,OPS,УРМ,"Управление реактивами, стандартами и т.п.",Плановая запись,Подтверждено QA,1,IntMinor,Подтверждено,Да,QA,29.12.2025 00:00,Да,,,,Нет,,
250,01.01.2026 10:00,Система_Тест,QA_Бот,OPS,УРМ,"Управление реактивами, стандартами и т.п.",Модель УРМ (Месяц 1),Контроль инерции,1,IntMinor,Подтверждено,Да,QA,01.01.2026 10:00,Да,,,,Нет,,
182,05.01.2026 00:00,Иванов И.И.,Оператор,OPS,УПс,Управление персоналом,Плановая запись,Подтверждено QA,1,IntMinor,Подтверждено,Да,QA,05.01.2026 00:00,Да,,,,Нет,,
247,05.01.2026 11:00,Система_Тест,QA_Бот,OPS,УРМ,"Управление реактивами, стандартами и т.п.",Модель УРМ (Месяц 1),Контроль инерции,1,IntMinor,Подтверждено,Да,QA,05.01.2026 11:00,Да,,,,Нет,,
244,05.01.2026 15:00,Система_Тест,QA_Бот,OPS,УРМ,"Управление реактивами, стандартами и т.п.",Модель УРМ (Месяц 1),Контроль инерции,1,IntMinor,Подтверждено,Да,QA,05.01.2026 15:00,Да,,,,Нет,,
39,07.01.2026 00:00,Иванов И.И.,Оператор,OPS,УП,Управление помещениями,Плановая запись,Подтверждено QA,1,IntMinor,Подтверждено,Да,QA,07.01.2026 00:00,Да,,,,Нет,,
107,09.01.2026 00:00,Иванов И.И.,Оператор,OPS,ПР,Проектная деятельность,Плановая запись,Подтверждено QA,1,IntMinor,Подтверждено,Да,QA,09.01.2026 00:00,Да,,,,Нет,,
260,09.01.2026 10:00,Система_Тест,QA_Бот,IAProc,УРМ,"Управление реактивами, стандартами и т.п.",Модель УРМ (Месяц 1),Контроль инерции,1,IntMinor,Подтверждено,Да,QA,09.01.2026 10:00,Да,,,,Нет,,
243,09.01.2026 13:00,Система_Тест,QA_Бот,OPS,УРМ,"Управление реактивами, стандартами и т.п.",Модель УРМ (Месяц 1),Контроль инерции,1,IntMinor,Подтверждено,Да,QA,09.01.2026 13:00,Да,,,,Нет,,
259,10.01.2026 11:00,Система_Тест,QA_Бот,OPS,УРМ,"Управление реактивами, стандартами и т.п.",Модель УРМ (Месяц 1),Контроль инерции,1,IntMinor,Подтверждено,Да,QA,10.01.2026 11:00,Да,,,,Нет,,
251,10.01.2026 12:00,Система_Тест,QA_Бот,OPS,УРМ,"Управление реактивами, стандартами и т.п.",Модель УРМ (Месяц 1),Контроль инерции,1,IntMinor,Подтверждено,Да,QA,10.01.2026 12:00,Да,,,,Нет,,
246,11.01.2026 10:00,Система_Тест,QA_Бот,OPS,УРМ,"Управление реактивами, стандартами и т.п.",Модель УРМ (Месяц 1),Контроль инерции,1,IntMinor,Подтверждено,Да,QA,11.01.2026 10:00,Да,,,,Нет,,
256,11.01.2026 12:00,Система_Тест,QA_Бот,OPS,УРМ,"Управление реактивами, стандартами и т.п.",Модель УРМ (Месяц 1),Контроль инерции,1,IntMinor,Подтверждено,Да,QA,11.01.2026 12:00,Да,,,,Нет,,
245,11.01.2026 16:00,Система_Тест,QA_Бот,OPS,УРМ,"Управление реактивами, стандартами и т.п.",Модель УРМ (Месяц 1),Контроль инерции,1,IntMinor,Подтверждено,Да,QA,11.01.2026 16:00,Да,,,,Нет,,
85,13.01.2026 00:00,Иванов И.И.,Оператор,OPS,УП,Управление помещениями,Плановая запись,Подтверждено QA,1,IntMinor,Подтверждено,Да,QA,13.01.2026 00:00,Да,,,,Нет,,
248,13.01.2026 12:00,Система_Тест,QA_Бот,OPS,УРМ,"Управление реактивами, стандартами и т.п.",Модель УРМ (Месяц 1),Контроль инерции,1,IntMinor,Подтверждено,Да,QA,13.01.2026 12:00,Да,,,,Нет,,
258,14.01.2026 16:00,Система_Тест,QA_Бот,OPS,УРМ,"Управление реактивами, стандартами и т.п.",Модель УРМ (Месяц 1),Контроль инерции,1,IntMinor,Подтверждено,Да,QA,14.01.2026 16:00,Да,,,,Нет,,
132,17.01.2026 00:00,Иванов И.И.,Оператор,EA,УКС,Управление компьютеризированными системами,Плановая запись,Подтверждено QA,1,ExtMinor,Подтверждено,Да,QA,17.01.2026 00:00,Да,,,,Нет,,
178,18.01.2026 00:00,Иванов И.И.,Оператор,OPS,УП,Управление помещениями,Плановая запись,Подтверждено QA,1,IntMinor,Подтверждено,Да,QA,18.01.2026 00:00,Да,,,,Нет,,
84,18.01.2026 00:00,Иванов И.И.,Оператор,OPS,ПР,Проектная деятельность,Плановая запись,Подтверждено QA,1,IntMinor,Подтверждено,Да,QA,18.01.2026 00:00,Да,,,,Нет,,
180,19.01.2026 00:00,Иванов И.И.,Оператор,OPS,УПП,Управление поставками,Плановая запись,Подтверждено QA,1,IntMinor,Подтверждено,Да,QA,19.01.2026 00:00,Да,,,,Нет,,
241,19.01.2026 16:00,Система_Тест,QA_Бот,OPS,УРМ,"Управление реактивами, стандартами и т.п.",Модель УРМ (Месяц 1),Контроль инерции,1,IntMinor,Подтверждено,Да,QA,19.01.2026 16:00,Да,,,,Нет,,
254,22.01.2026 14:00,Система_Тест,QA_Бот,OPS,УРМ,"Управление реактивами, стандартами и т.п.",Модель УРМ (Месяц 1),Контроль инерции,1,IntMinor,Подтверждено,Да,QA,22.01.2026 14:00,Да,,,,Нет,,
106,23.01.2026 00:00,Иванов И.И.,Оператор,OPS,УКС,Управление компьютеризированными системами,Плановая запись,Подтверждено QA,1,IntMinor,Подтверждено,Да,QA,23.01.2026 00:00,Да,,,,Нет,,
99,23.01.2026 00:00,Иванов И.И.,Оператор,OPS,УДЗ,Управление документами и записями,Плановая запись,Подтверждено QA,1,IntMinor,Подтверждено,Да,QA,23.01.2026 00:00,Да,,,,Нет,,
253,24.01.2026 12:00,Система_Тест,QA_Бот,OPS,УРМ,"Управление реактивами, стандартами и т.п.",Модель УРМ (Месяц 1),Контроль инерции,1,IntMinor,Подтверждено,Да,QA,24.01.2026 12:00,Да,,,,Нет,,
242,25.01.2026 11:00,Система_Тест,QA_Бот,OPS,УРМ,"Управление реактивами, стандартами и т.п.",Модель УРМ (Месяц 1),Контроль инерции,1,IntMinor,Подтверждено,Да,QA,25.01.2026 11:00,Да,,,,Нет,,
252,25.01.2026 11:00,Система_Тест,QA_Бот,OPS,УРМ,"Управление реактивами, стандартами и т.п.",Модель УРМ (Месяц 1),Контроль инерции,1,IntMinor,Подтверждено,Да,QA,25.01.2026 11:00,Да,,,,Нет,,
249,26.01.2026 10:00,Система_Тест,QA_Бот,OPS,УРМ,"Управление реактивами, стандартами и т.п.",Модель УРМ (Месяц 1),Контроль инерции,1,IntMinor,Подтверждено,Да,QA,26.01.2026 10:00,Да,,,,Нет,,
257,26.01.2026 10:00,Система_Тест,QA_Бот,OPS,УРМ,"Управление реактивами, стандартами и т.п.",Модель УРМ (Месяц 1),Контроль инерции,1,IntMinor,Подтверждено,Да,QA,26.01.2026 10:00,Да,,,,Нет,,
255,27.01.2026 09:00,Система_Тест,QA_Бот,OPS,УРМ,"Управление реактивами, стандартами и т.п.",Модель УРМ (Месяц 1),Контроль инерции,1,IntMinor,Подтверждено,Да,QA,27.01.2026 09:00,Да,,,,Нет,,
72,29.01.2026 00:00,Иванов И.И.,Оператор,OPS,УРМ,"Управление реактивами, стандартами и т.п.",Плановая запись,Подтверждено QA,1,IntMinor,Подтверждено,Да,QA,29.01.2026 00:00,Да,,,,Нет,,
163,30.01.2026 00:00,Иванов И.И.,Оператор,OPS,УПП,Управление поставками,Плановая запись,Подтверждено QA,1,IntMinor,Подтверждено,Да,QA,30.01.2026 00:00,Да,,,,Нет,,
185,01.02.2026 00:00,Иванов И.И.,Оператор,OPS,ПР,Проектная деятельность,Плановая запись,Подтверждено QA,1,IntMinor,Подтверждено,Да,QA,01.02.2026 00:00,Да,,,,Нет,,
279,01.02.2026 11:00,Система_Тест,QA_Бот,OPS,УРМ,"Управление реактивами, стандартами и т.п.",Модель УРМ (Месяц 2),Контроль инерции,1,IntMinor,Подтверждено,Да,QA,01.02.2026 11:00,Да,,,,Нет,,
137,02.02.2026 00:00,Иванов И.И.,Оператор,OPS,УДЗ,Управление документами и записями,Плановая запись,Подтверждено QA,1,IntMinor,Подтверждено,Да,QA,02.02.2026 00:00,Да,,,,Нет,,
275,03.02.2026 12:00,Система_Тест,QA_Бот,OPS,УРМ,"Управление реактивами, стандартами и т.п.",Модель УРМ (Месяц 2),Контроль инерции,1,IntMinor,Подтверждено,Да,QA,03.02.2026 12:00,Да,,,,Нет,,
142,04.02.2026 00:00,Иванов И.И.,Оператор,OPS,УПП,Управление поставками,Плановая запись,Подтверждено QA,1,IntMinor,Подтверждено,Да,QA,04.02.2026 00:00,Да,,,,Нет,,
187,05.02.2026 00:00,Иванов И.И.,Оператор,OPS,УПс,Управление персоналом,Плановая запись,Подтверждено QA,1,IntMajor,Подтверждено,Да,QA,05.02.2026 00:00,Да,,,,Нет,,
199,05.02.2026 00:00,Иванов И.И.,Оператор,OPS,УПП,Управление поставками,Плановая запись,Подтверждено QA,1,IntMajor,Подтверждено,Да,QA,05.02.2026 00:00,Да,,,,Нет,,
263,05.02.2026 13:00,Система_Тест,QA_Бот,OPS,УРМ,"Управление реактивами, стандартами и т.п.",Модель УРМ (Месяц 2),Контроль инерции,1,IntMinor,Подтверждено,Да,QA,05.02.2026 13:00,Да,,,,Нет,,
3,06.02.2026 00:00,Иванов И.И.,Оператор,EA,УПП,Управление поставками,Плановая запись,Подтверждено QA,1,ExtMinor,Подтверждено,Да,QA,06.02.2026 00:00,Да,,,,Нет,,
38,06.02.2026 00:00,Иванов И.И.,Оператор,OPS,УП,Управление помещениями,Плановая запись,Подтверждено QA,1,IntMajor,Подтверждено,Да,QA,06.02.2026 00:00,Да,,,,Нет,,
183,06.02.2026 00:00,Иванов И.И.,Оператор,EA,УПП,Управление поставками,Плановая запись,Подтверждено QA,1,ExtMinor,Подтверждено,Да,QA,06.02.2026 00:00,Да,,,,Нет,,
115,06.02.2026 00:00,Иванов И.И.,Оператор,OPS,ПР,Проектная деятельность,Плановая запись,Подтверждено QA,1,IntMajor,Подтверждено,Да,QA,06.02.2026 00:00,Да,,,,Нет,,
79,06.02.2026 00:00,Иванов И.И.,Оператор,OPS,УПс,Управление персоналом,Плановая запись,Подтверждено QA,1,IntMajor,Подтверждено,Да,QA,06.02.2026 00:00,Да,,,,Нет,,
280,06.02.2026 13:00,Система_Тест,QA_Бот,EA,УРМ,"Управление реактивами, стандартами и т.п.",Модель УРМ (Месяц 2),Контроль инерции,1,IntMajor,Подтверждено,Да,QA,06.02.2026 13:00,Да,,,,Нет,,
191,08.02.2026 00:00,Иванов И.И.,Оператор,OPS,УПс,Управление персоналом,Плановая запись,Подтверждено QA,1,IntMinor,Подтверждено,Да,QA,08.02.2026 00:00,Да,,,,Нет,,
265,08.02.2026 13:00,Система_Тест,QA_Бот,OPS,УРМ,"Управление реактивами, стандартами и т.п.",Модель УРМ (Месяц 2),Контроль инерции,1,IntMinor,Подтверждено,Да,QA,08.02.2026 13:00,Да,,,,Нет,,
267,09.02.2026 16:00,Система_Тест,QA_Бот,OPS,УРМ,"Управление реактивами, стандартами и т.п.",Модель УРМ (Месяц 2),Контроль инерции,1,IntMinor,Подтверждено,Да,QA,09.02.2026 16:00,Да,,,,Нет,,
277,10.02.2026 17:00,Система_Тест,QA_Бот,OPS,УРМ,"Управление реактивами, стандартами и т.п.",Модель УРМ (Месяц 2),Контроль инерции,1,IntMinor,Подтверждено,Да,QA,10.02.2026 17:00,Да,,,,Нет,,
175,12.02.2026 00:00,Иванов И.И.,Оператор,OPS,УПП,Управление поставками,Плановая запись,Подтверждено QA,1,IntMinor,Подтверждено,Да,QA,12.02.2026 00:00,Да,,,,Нет,,
104,12.02.2026 00:00,Иванов И.И.,Оператор,OPS,УО,Управление оборудованием,Плановая запись,Подтверждено QA,1,IntMinor,Подтверждено,Да,QA,12.02.2026 00:00,Да,,,,Нет,,
271,12.02.2026 09:00,Система_Тест,QA_Бот,OPS,УРМ,"Управление реактивами, стандартами и т.п.",Модель УРМ (Месяц 2),Контроль инерции,1,IntMinor,Подтверждено,Да,QA,12.02.2026 09:00,Да,,,,Нет,,
278,12.02.2026 11:00,Система_Тест,QA_Бот,OPS,УРМ,"Управление реактивами, стандартами и т.п.",Модель УРМ (Месяц 2),Контроль инерции,1,IntMinor,Подтверждено,Да,QA,12.02.2026 11:00,Да,,,,Нет,,
270,15.02.2026 15:00,Система_Тест,QA_Бот,OPS,УРМ,"Управление реактивами, стандартами и т.п.",Модель УРМ (Месяц 2),Контроль инерции,1,IntMinor,Подтверждено,Да,QA,15.02.2026 15:00,Да,,,,Нет,,
54,16.02.2026 00:00,Иванов И.И.,Оператор,OPS,УКС,Управление компьютеризированными системами,Плановая запись,Подтверждено QA,1,IntMinor,Подтверждено,Да,QA,16.02.2026 00:00,Да,,,,Нет,,
276,16.02.2026 11:00,Система_Тест,QA_Бот,OPS,УРМ,"Управление реактивами, стандартами и т.п.",Модель УРМ (Месяц 2),Контроль инерции,1,IntMinor,Подтверждено,Да,QA,16.02.2026 11:00,Да,,,,Нет,,
81,17.02.2026 00:00,Иванов И.И.,Оператор,OPS,УРМ,"Управление реактивами, стандартами и т.п.",Плановая запись,Подтверждено QA,1,IntMinor,Подтверждено,Да,QA,17.02.2026 00:00,Да,,,,Нет,,
261,17.02.2026 13:00,Система_Тест,QA_Бот,OPS,УРМ,"Управление реактивами, стандартами и т.п.",Модель УРМ (Месяц 2),Контроль инерции,1,IntMinor,Подтверждено,Да,QA,17.02.2026 13:00,Да,,,,Нет,,
46,18.02.2026 00:00,Иванов И.И.,Оператор,OPS,УПП,Управление поставками,Плановая запись,Подтверждено QA,1,IntMinor,Подтверждено,Да,QA,18.02.2026 00:00,Да,,,,Нет,,
109,18.02.2026 00:00,Иванов И.И.,Оператор,EA,УПП,Управление поставками,Плановая запись,Подтверждено QA,1,ExtMinor,Подтверждено,Да,QA,18.02.2026 00:00,Да,,,,Нет,,
266,18.02.2026 14:00,Система_Тест,QA_Бот,OPS,УРМ,"Управление реактивами, стандартами и т.п.",Модель УРМ (Месяц 2),Контроль инерции,1,IntMinor,Подтверждено,Да,QA,18.02.2026 14:00,Да,,,,Нет,,
272,19.02.2026 13:00,Система_Тест,QA_Бот,OPS,УРМ,"Управление реактивами, стандартами и т.п.",Модель УРМ (Месяц 2),Контроль инерции,1,IntMinor,Подтверждено,Да,QA,19.02.2026 13:00,Да,,,,Нет,,
274,21.02.2026 09:00,Система_Тест,QA_Бот,OPS,УРМ,"Управление реактивами, стандартами и т.п.",Модель УРМ (Месяц 2),Контроль инерции,1,IntMinor,Подтверждено,Да,QA,21.02.2026 09:00,Да,,,,Нет,,
269,21.02.2026 14:00,Система_Тест,QA_Бот,OPS,УРМ,"Управление реактивами, стандартами и т.п.",Модель УРМ (Месяц 2),Контроль инерции,1,IntMinor,Подтверждено,Да,QA,21.02.2026 14:00,Да,,,,Нет,,
262,21.02.2026 14:00,Система_Тест,QA_Бот,OPS,УРМ,"Управление реактивами, стандартами и т.п.",Модель УРМ (Месяц 2),Контроль инерции,1,IntMinor,Подтверждено,Да,QA,21.02.2026 14:00,Да,,,,Нет,,
264,21.02.2026 17:00,Система_Тест,QA_Бот,OPS,УРМ,"Управление реактивами, стандартами и т.п.",Модель УРМ (Месяц 2),Контроль инерции,1,IntMinor,Подтверждено,Да,QA,21.02.2026 17:00,Да,,,,Нет,,
273,22.02.2026 11:00,Система_Тест,QA_Бот,OPS,УРМ,"Управление реактивами, стандартами и т.п.",Модель УРМ (Месяц 2),Контроль инерции,1,IntMinor,Подтверждено,Да,QA,22.02.2026 11:00,Да,,,,Нет,,
51,23.02.2026 00:00,Иванов И.И.,Оператор,OPS,УКС,Управление компьютеризированными системами,Плановая запись,Подтверждено QA,1,IntMinor,Подтверждено,Да,QA,23.02.2026 00:00,Да,,,,Нет,,
268,24.02.2026 16:00,Система_Тест,QA_Бот,OPS,УРМ,"Управление реактивами, стандартами и т.п.",Модель УРМ (Месяц 2),Контроль инерции,1,IntMinor,Подтверждено,Да,QA,24.02.2026 16:00,Да,,,,Нет,,
30,01.03.2026 00:00,Иванов И.И.,Оператор,OPS,УКС,Управление компьютеризированными системами,Плановая запись,Подтверждено QA,1,IntMinor,Подтверждено,Да,QA,01.03.2026 00:00,Да,,,,Нет,,
287,01.03.2026 14:00,Система_Тест,QA_Бот,OPS,УРМ,"Управление реактивами, стандартами и т.п.",Модель УРМ (Месяц 3),Контроль инерции,1,IntMinor,Подтверждено,Да,QA,01.03.2026 14:00,Да,,,,Нет,,
299,02.03.2026 11:00,Система_Тест,QA_Бот,OPS,УРМ,"Управление реактивами, стандартами и т.п.",Модель УРМ (Месяц 3),Контроль инерции,1,IntMinor,Подтверждено,Да,QA,02.03.2026 11:00,Да,,,,Нет,,
282,03.03.2026 12:00,Система_Тест,QA_Бот,OPS,УРМ,"Управление реактивами, стандартами и т.п.",Модель УРМ (Месяц 3),Контроль инерции,1,IntMinor,Подтверждено,Да,QA,03.03.2026 12:00,Да,,,,Нет,,
102,04.03.2026 00:00,Иванов И.И.,Оператор,OPS,УПс,Управление персоналом,Плановая запись,Подтверждено QA,1,IntMinor,Подтверждено,Да,QA,04.03.2026 00:00,Да,,,,Нет,,
296,04.03.2026 10:00,Система_Тест,QA_Бот,OPS,УРМ,"Управление реактивами, стандартами и т.п.",Модель УРМ (Месяц 3),Контроль инерции,1,IntMinor,Подтверждено,Да,QA,04.03.2026 10:00,Да,,,,Нет,,
124,05.03.2026 00:00,Иванов И.И.,Оператор,OPS,УКС,Управление компьютеризированными системами,Плановая запись,Подтверждено QA,1,IntMinor,Подтверждено,Да,QA,05.03.2026 00:00,Да,,,,Нет,,
285,05.03.2026 12:00,Система_Тест,QA_Бот,OPS,УРМ,"Управление реактивами, стандартами и т.п.",Модель УРМ (Месяц 3),Контроль инерции,1,IntMinor,Подтверждено,Да,QA,05.03.2026 12:00,Да,,,,Нет,,
289,05.03.2026 14:00,Система_Тест,QA_Бот,OPS,УРМ,"Управление реактивами, стандартами и т.п.",Модель УРМ (Месяц 3),Контроль инерции,1,IntMinor,Подтверждено,Да,QA,05.03.2026 14:00,Да,,,,Нет,,
90,07.03.2026 00:00,Иванов И.И.,Оператор,OPS,УО,Управление оборудованием,Плановая запись,Подтверждено QA,1,IntMinor,Подтверждено,Да,QA,07.03.2026 00:00,Да,,,,Нет,,
297,07.03.2026 15:00,Система_Тест,QA_Бот,OPS,УРМ,"Управление реактивами, стандартами и т.п.",Модель УРМ (Месяц 3),Контроль инерции,1,IntMinor,Подтверждено,Да,QA,07.03.2026 15:00,Да,,,,Нет,,
288,08.03.2026 13:00,Система_Тест,QA_Бот,OPS,УРМ,"Управление реактивами, стандартами и т.п.",Модель УРМ (Месяц 3),Контроль инерции,1,IntMinor,Подтверждено,Да,QA,08.03.2026 13:00,Да,,,,Нет,,
284,09.03.2026 13:00,Система_Тест,QA_Бот,OPS,УРМ,"Управление реактивами, стандартами и т.п.",Модель УРМ (Месяц 3),Контроль инерции,1,IntMinor,Подтверждено,Да,QA,09.03.2026 13:00,Да,,,,Нет,,
286,09.03.2026 15:00,Система_Тест,QA_Бот,OPS,УРМ,"Управление реактивами, стандартами и т.п.",Модель УРМ (Месяц 3),Контроль инерции,1,IntMinor,Подтверждено,Да,QA,09.03.2026 15:00,Да,,,,Нет,,
290,10.03.2026 10:00,Система_Тест,QA_Бот,OPS,УРМ,"Управление реактивами, стандартами и т.п.",Модель УРМ (Месяц 3),Контроль инерции,1,IntMinor,Подтверждено,Да,QA,10.03.2026 10:00,Да,,,,Нет,,
281,10.03.2026 13:00,Система_Тест,QA_Бот,OPS,УРМ,"Управление реактивами, стандартами и т.п.",Модель УРМ (Месяц 3),Контроль инерции,1,IntMinor,Подтверждено,Да,QA,10.03.2026 13:00,Да,,,,Нет,,
291,10.03.2026 17:00,Система_Тест,QA_Бот,OPS,УРМ,"Управление реактивами, стандартами и т.п.",Модель УРМ (Месяц 3),Контроль инерции,1,IntMinor,Подтверждено,Да,QA,10.03.2026 17:00,Да,,,,Нет,,
293,13.03.2026 12:00,Система_Тест,QA_Бот,OPS,УРМ,"Управление реактивами, стандартами и т.п.",Модель УРМ (Месяц 3),Контроль инерции,1,IntMinor,Подтверждено,Да,QA,13.03.2026 12:00,Да,,,,Нет,,
147,15.03.2026 00:00,Иванов И.И.,Оператор,OPS,УРМ,"Управление реактивами, стандартами и т.п.",Плановая запись,Подтверждено QA,1,IntMinor,Подтверждено,Да,QA,15.03.2026 00:00,Да,,,,Нет,,
294,16.03.2026 10:00,Система_Тест,QA_Бот,OPS,УРМ,"Управление реактивами, стандартами и т.п.",Модель УРМ (Месяц 3),Контроль инерции,1,IntMinor,Подтверждено,Да,QA,16.03.2026 10:00,Да,,,,Нет,,
292,17.03.2026 09:00,Система_Тест,QA_Бот,OPS,УРМ,"Управление реактивами, стандартами и т.п.",Модель УРМ (Месяц 3),Контроль инерции,1,IntMinor,Подтверждено,Да,QA,17.03.2026 09:00,Да,,,,Нет,,
101,19.03.2026 00:00,Иванов И.И.,Оператор,OPS,УП,Управление помещениями,Плановая запись,Подтверждено QA,1,IntMinor,Подтверждено,Да,QA,19.03.2026 00:00,Да,,,,Нет,,
69,19.03.2026 00:00,Иванов И.И.,Оператор,OPS,УО,Управление оборудованием,Плановая запись,Подтверждено QA,1,IntMinor,Подтверждено,Да,QA,19.03.2026 00:00,Да,,,,Нет,,
36,19.03.2026 00:00,Иванов И.И.,Оператор,OPS,УПП,Управление поставками,Плановая запись,Подтверждено QA,1,IntMajor,Подтверждено,Да,QA,19.03.2026 00:00,Да,,,,Нет,,
63,20.03.2026 00:00,Иванов И.И.,Оператор,OPS,УП,Управление помещениями,Плановая запись,Подтверждено QA,1,IntMinor,Подтверждено,Да,QA,20.03.2026 00:00,Да,,,,Нет,,
283,20.03.2026 12:00,Система_Тест,QA_Бот,OPS,УРМ,"Управление реактивами, стандартами и т.п.",Модель УРМ (Месяц 3),Контроль инерции,1,IntMinor,Подтверждено,Да,QA,20.03.2026 12:00,Да,,,,Нет,,
295,20.03.2026 12:00,Система_Тест,QA_Бот,OPS,УРМ,"Управление реактивами, стандартами и т.п.",Модель УРМ (Месяц 3),Контроль инерции,1,IntMinor,Подтверждено,Да,QA,20.03.2026 12:00,Да,,,,Нет,,
100,21.03.2026 00:00,Иванов И.И.,Оператор,EA,УО,Управление оборудованием,Плановая запись,Подтверждено QA,1,ExtMinor,Подтверждено,Да,QA,21.03.2026 00:00,Да,,,,Нет,,
43,21.03.2026 00:00,Иванов И.И.,Оператор,OPS,УПП,Управление поставками,Плановая запись,Подтверждено QA,1,IntMajor,Подтверждено,Да,QA,21.03.2026 00:00,Да,,,,Нет,,
300,22.03.2026 17:00,Система_Тест,QA_Бот,Ins,УРМ,"Управление реактивами, стандартами и т.п.",Модель УРМ (Месяц 3),Контроль инерции,1,ExtCritical,Подтверждено,Да,QA,22.03.2026 17:00,Да,,,,Нет,,
41,23.03.2026 00:00,Иванов И.И.,Оператор,OPS,УДЗ,Управление документами и записями,Плановая запись,Подтверждено QA,1,IntMinor,Подтверждено,Да,QA,23.03.2026 00:00,Да,,,,Нет,,
298,23.03.2026 15:00,Система_Тест,QA_Бот,OPS,УРМ,"Управление реактивами, стандартами и т.п.",Модель УРМ (Месяц 3),Контроль инерции,1,IntMinor,Подтверждено,Да,QA,23.03.2026 15:00,Да,,,,Нет,,
150,24.03.2026 00:00,Иванов И.И.,Оператор,EA,УПП,Управление поставками,Плановая запись,Подтверждено QA,1,ExtMinor,Подтверждено,Да,QA,24.03.2026 00:00,Да,,,,Нет,,
188,25.03.2026 00:00,Иванов И.И.,Оператор,OPS,УП,Управление помещениями,Плановая запись,Подтверждено QA,1,IntMinor,Подтверждено,Да,QA,25.03.2026 00:00,Да,,,,Нет,,
